{"cameraMode":{"drawMode":0,"name":"Shaded","section":"Shading Mode"},"sceneLighting":false,"audioPlay":false,"sceneViewState":{"m_AlwaysRefresh":false,"showFog":true,"showSkybox":false,"showFlares":true,"showImageEffects":true,"showParticleSystems":true,"showVisualEffectGraphs":true,"m_FxEnabled":true},"in2DMode":false,"pivot":{"x":-0.06000000238418579,"y":-0.06617188453674317,"z":1.2699999809265137},"rotation":{"x":0.24442312121391297,"y":-0.06539345532655716,"z":0.01652367226779461,"w":0.9673203229904175},"size":0.8061176538467407,"orthographic":false}